DCluster,C13,C1,C27,C32,C45,C51,C56,C62,C68,C80,H117,H119,H128,H130,H132,H134,H139,H140,H142,H144
D216,51.1090394223,2.49282085433,0.00193428444529,2.8264611996,0.00291722383394,0.734033991809,0.00164359495793,0.00124375509165,0.00390992894986,3.04469860245,7.33843337347,4.51051469102,2.62504405654,0.948691188868,0.974629099389,2.47609657861,1.72886328541,2.11926479533,2.57075927309,1.05141217973
D217,0.00327711418383,0.00159638772695,0.00056681360752,0.0140120725042,0.0271758365475,1.14079684287,0.00489869399623,0.00494688865768,0.000277108826975,0.570421000544,1.6401352066,4.1625933625,1.04092337477,0.540546869177,0.667802285598,0.373920115057,0.00952629914893,0.110733493854,0.797231400453,0.677289751867
D214,0.00214718624451,0.00204142433025,0.00391533115658,0.00244495218098,0.000911046096568,0.0014348883715,0.00697320649556,0.00097386404905,0.00116409462393,0.0102713574991,0.280777066004,0.00165741366312,0.0183249023909,0.250475139708,0.207027829728,4.43227511066,0.00358242812685,0.00107394756143,0.00905225506409,2.8931311227
D215,0.00174299539214,0.000874399715689,0.00105321147245,0.000997040734406,0.000265128569003,0.000214761715668,0.00271887836821,0.000704388034336,0.000372415656377,0.0531326213156,0.0305311502697,0.00216746340225,0.00238316130392,0.110522816133,5.43388473763,4.20687567075,0.00201729855855,0.00109215717134,0.00146382420137,0.193180924902
D212,0.0774926176933,0.915832890761,0.00172715812897,0.00654215578571,0.956264606612,0.0319016261503,0.00535246736524,0.00649816178699,0.00138880197961,0.584194805868,0.693290637122,1.07299736277,0.380413363643,0.929834644279,2.43177814838,5.74937860558,2.34117486274,0.0336754980958,0.313166231231,2.90561183334
D213,13.8094656704,2.84616998321,0.018853105389,1.58625877728,1.76747029259,1.49910944403,0.223150593363,1.26588153413,0.00620172251399,6.9086408853,2.98884900034,4.15691669225,3.3742546628,5.23818029342,11.933579893,6.84984896894,5.61489678074,2.62633582404,5.24958515115,5.73990945368
D210,0.0156630072817,0.0209572320534,0.00389983284212,0.010703772214,0.0207283623491,0.130553093761,0.0052932907502,3.31261397719,0.00242332409937,0.851382671071,0.435632548029,1.65031646971,0.0663553062163,0.439217519782,0.210804182228,0.491091056789,0.0783168742822,0.0605138628271,0.308038953824,0.733302454022
D211,51.1467189463,0.938602867259,0.00680162297425,0.48668417031,0.105944983653,0.430838667387,0.195708179017,0.00194764584349,0.596534803702,5.13313489638,0.0452802864548,3.15039782329,1.97487204478,1.55208183815,0.686585474556,2.08945963716,0.0484136323685,0.230104496135,9.92074058135,0.0353906292892
D127,0.0702646721747,0.00444155167409,24.4700023108,0.493435912985,0.543123449857,0.0528395065958,0.365083385716,1.05342031234,0.0602095633858,0.316517826133,0.374368298515,0.177143670013,0.0093196195442,0.0851623394558,0.0151837483996,0.173388416055,0.0480588606475,0.033670563843,0.0180904753574,0.0264450776614
D218,0.374632804334,0.0220664670934,0.0100469439284,0.0791702289224,0.0385466366155,1.13966373984,0.078783926642,0.960376058104,0.0121766410286,4.60380489238,0.784513792418,0.928856786318,1.80966408013,1.42654060151,3.7750080428,4.92342053075,0.358153779352,1.03527843376,1.21194553323,8.68623941981
D219,0.00296091567834,0.0700565135561,0.000277127338532,0.0244531846036,0.0271120454689,0.00235484753876,0.00148583318887,0.00251516596707,0.000880258221077,0.00914227094349,0.0714191646471,0.00618282326195,0.00659778033867,0.0678194243044,0.00391595221556,0.0061129373297,10.1630747833,0.0531449414983,0.0102351369409,0.00578155177218
D133,0.00291878043217,0.000965191698616,0.000295359467984,0.00257278949752,0.000796941885515,0.105733279737,0.00154958054161,0.00130116275004,0.000668249692906,9.63441985307,0.371068602,0.00559178063189,12.0214878597,1.96165504983,0.0177716532679,0.00797575397955,0.00573471072771,3.58156040625,3.8095291697,0.0066049725209
D132,0.00101359668782,0.00142498454432,0.000549497874863,44.1713988491,0.00074473710804,0.800152123459,0.00113963381047,0.000499731024157,0.0013148493661,0.00740703153677,0.202570324885,0.00189408946713,0.00505502674542,0.0154760422008,0.00104216104602,0.0110397232949,0.000664638876536,30.4671996388,0.00155367155012,0.00187612487641
D131,6.34287212808,0.00948112028735,0.000928586081399,0.0106942570165,0.0204561537067,0.654465096197,0.0091288309909,0.0504138526037,0.000326935160531,0.0153443817665,0.0292743186193,0.0112610969828,0.0331188272385,0.055440106627,0.267701970693,0.107553694241,0.0177608474431,0.367027473902,0.0071524651792,0.105948533086
D130,0.00891615287283,0.00881667536628,0.0163855726097,0.016831050174,0.00140349032003,0.00147269109033,0.000265992386126,0.2853796986,0.0595520666536,0.810526808108,0.00713205920561,1.42570040939,0.00125860012889,0.46200305512,0.398495700836,0.034220042306,0.0393668877421,0.00110505774006,0.0282881701489,0.711183897764
D137,0.00324492833199,0.00269882176335,0.000811698416125,0.00373358849534,0.155853914499,0.313059284626,0.00436810161499,0.00409803209456,0.000274545016124,0.471212854483,0.365465289146,0.104793391499,0.171746548732,0.300469000383,0.943979840455,0.915510975295,0.416207222605,0.7876155895,0.0906285843204,0.534129926005
D136,10.4266101105,3.80965977075,0.00682391508743,0.733723786304,0.0981235606924,0.285239760488,7.59929109995,1.77500475164,0.00399300319845,1.21284353806,0.997226595688,2.17290398179,0.553895227074,1.58669443133,10.4506247726,10.144840028,31.0321599123,0.302584501338,0.452397298497,6.15477465613
D135,0.0286188114596,0.00623688550563,0.00277656644503,0.0164879581187,0.0102074227791,0.00553027210553,0.00515099156617,0.00643120430622,0.00944989374185,0.0131263492879,0.00562275844346,11.0865788313,0.00701624000535,0.0615458357189,0.0143057704703,0.026384682596,0.0172142993351,0.00454517551714,0.0212845932031,0.0308799691369
D165,1.22269132693,1.53537406243,45.3419736581,0.361721129299,2.29754807348,0.285267412748,8.48947325084,1.6648967175,0.110093430106,0.859299041066,0.376524439463,0.687402476861,0.0949465464784,0.293772830651,0.934239297845,1.2825392589,0.627303196986,2.70384444049,0.240509598675,0.47970411751
D50,0.0162734950878,0.00759232347605,0.00696495873727,0.0987726658829,0.00486736575772,0.017651229476,0.00856770481081,0.0425343732365,0.000858105767232,0.0723621489582,0.0171487612628,0.813874833533,0.0230534828671,0.0654267425564,0.568008588766,0.0348915229703,0.035820190669,0.0551676030182,0.694854855817,4.92568711112
D139,12.2955093787,0.837144856045,0.0202359219262,9.54587353729,0.0220704428236,0.00433319523306,0.0130268866021,0.0646795035205,0.0111659015139,23.3745127838,100.035881385,11.6584419569,16.9434186349,1.81399999374,1.19468534644,10.3432664146,93.9879391754,0.146190613444,15.7628242672,36.161217835
D138,3.03449153023,0.0949278075882,0.0141447213816,2.05790549455,0.109900313895,0.494501854936,0.199584694059,4.58024536452,0.00157475497264,2.78427045008,0.548406113722,3.38797903141,0.902054476652,3.88475721356,2.80990437116,3.85039388658,1.16143217024,0.609114657252,0.644610761736,1.60134318084
D166,0.00659403277353,0.0209274210005,0.00234492378757,0.00579207441093,0.0113752943038,0.00339289550924,0.0100441599633,0.00708159934312,0.000307701768883,0.316252675625,0.04254607461,1.02022865735,0.00673673684335,0.394048442431,1.62103335565,0.317922017168,3.12738840723,0.00339363483762,0.0377402781713,0.327979507309
D24,0.012842326827,10.4772451401,0.00215645604086,0.289110328618,1.93575594815,0.343127016914,0.0147577686671,1.50363149839,0.00322961016208,5.55330054036,0.303478047511,12.3991693934,0.683843920905,6.79502078426,23.7220621347,7.52802315583,6.79437764036,3.0564346782,4.30225576848,6.19514230315
D25,0.870991738425,0.147204518774,0.00944132596868,0.0502867435394,0.000917705389612,0.0145096145682,0.00945759331698,0.0550588185935,0.0310521224743,0.336649600617,0.513500789069,0.126679313321,0.000685955708277,0.220339247811,1.17902486744,2.45994174719,8.72169554424,0.0295506818567,0.0228828011175,3.82815748389
D26,0.00595861936317,0.000779955162405,0.000365548659243,0.017228571321,0.000282809538952,0.00204600156505,0.00058380761285,0.000424036103099,0.000429385527312,11.7077739179,0.0406211852161,0.185198294579,17.4622850232,1.30069603499,0.0108141743081,0.725854338111,0.00921467549325,0.0102360738866,0.00127924191399,0.00175855568426
D27,0.0210760581502,0.0162847485868,0.00155998266979,0.0128623822355,0.0180564567306,0.00801339935408,0.0110638250494,0.0159920279783,0.00197066822926,0.0573698647439,0.0161857084503,3.12993892406,0.0176677769979,3.81069551674,0.116778654989,0.0332095193153,33.9700711314,3.68398438309,0.202358991617,0.0397192628671
D20,0.948062315694,0.0773508021646,6.2914036714,0.596579070927,0.12178174093,0.209064379951,0.193786043376,0.275885266523,26.7935159445,0.216785562034,0.0942760957316,0.0820601727656,0.108313735806,0.131132638861,0.34268979902,0.382106885058,0.385485230715,0.0868370439983,0.187176100259,0.537005755084
D21,0.00254746824801,0.00120883932952,0.000619020779127,0.00118504495003,0.00163930707648,0.0032227314116,0.00127409488784,0.00131843921284,0.000416406084069,1.146136947,0.638395073158,0.861734616871,0.328030008113,3.0344520085,28.323481921,1.19635139775,0.00395892375288,0.852039463299,0.556800669896,3.56749925801
D22,5.21205706009,0.00520871413462,0.00114728923956,0.00391166068917,0.00266185501359,0.00210202986596,0.0137821887626,0.0018996700256,0.000991732441071,0.0669252513231,0.00972655690731,0.00247598775564,0.00829177679125,0.0116119646774,0.213741361239,0.0937519540202,0.141433115055,0.0130115378576,0.00907491107287,0.0177615950087
D23,1.33799998349,1.01402184365,0.000547995234601,0.0174160914028,0.178613351675,1.27705910033,0.00190631958035,0.000584287539495,0.000671385153745,0.699844221272,0.010630179082,3.52403904204,0.165823341382,1.1834824194,2.50768845632,1.97662711319,1.15680755731,0.0641242883529,0.521911569985,1.66633561972
D95,0.805425334916,0.568516427422,0.00641541161057,0.00428180875082,0.016688828903,0.0138610903224,0.00312002090641,0.0197065634687,0.00397492531894,0.0223881755513,0.0156951002439,0.410337865865,0.0240249233848,0.217583368065,16.582374014,0.206666787027,0.377084219936,0.0585058605939,0.0468879816268,1.72221663395
D28,0.608745980278,0.0337334360167,0.00103124169967,0.123505568972,0.0175845168039,0.125670155599,0.152809366666,0.0477185800785,0.0004219072064,0.00341992207671,0.463790916757,0.00169879375456,0.204889006479,0.395751421504,0.491437393481,0.758543070231,0.747998493385,0.309639272696,0.425363086544,0.355350388687
D29,1.71712005728,0.139059384676,0.000421092821142,0.397069755506,1.57515944404,0.396613352191,0.00747315694885,0.0021249704626,0.000391058844949,0.805920483218,0.509324165735,1.03544780384,0.43550289554,0.607470933824,2.07326140389,1.78781007734,1.3094917633,0.386130643043,0.823789059517,0.637242735546
D94,0.291472516653,7.16468982347e-05,0.000388722594273,0.00158156646814,0.00124734231795,0.58172776634,0.0350985930127,0.00152135327818,0.000211891796614,0.632730787137,0.0730306660426,0.637886313561,0.471266191669,0.211925400814,0.337521261088,0.560391821261,0.211873935861,0.762467688826,0.0532359267598,1.12255512983
D0,0.00985671578312,0.00780186138379,0.00163103459938,0.00631419104715,0.00088053982397,0.000945561747926,0.00153232737149,0.00262360040262,0.00376422934182,1.0029894141,0.131862367329,0.161432518811,0.00487743672892,1.63397758098,0.637792729826,0.631143178473,0.0773598062146,0.00440661547627,0.0746202440456,0.662327191742
D4,0.0122714668258,0.00677058589934,0.000872392135036,0.016523844969,0.0334789461414,0.0248158174155,0.00898832934153,0.00959561115981,0.000663131503237,1.50896973844,0.416731384959,0.360510203969,0.608268931697,0.321885215261,0.366843149173,0.346671367848,0.172578886866,0.120915447924,0.325854113139,1.32682761594
D8,0.00232510323796,0.000563116562504,0.00131609636825,0.000589007316265,0.000257225987782,0.000420719465523,0.00164643961272,0.000544657832547,0.000402020785902,0.00260462480681,0.00480603034874,0.00927380441497,0.00160808318506,0.032126907571,3.38742772928,5.41818765259,0.00186003509106,0.00301527523076,0.00413959101228,0.00304572192331
D163,0.220570106575,0.148097780831,0.365973171614,0.0587412697646,0.0480973419845,0.0784958553201,0.157936287233,1.41498560376,0.496426924834,0.951957469677,0.634355259397,0.398797158663,0.426343509627,0.28941224417,0.805046537435,1.29523307846,1.46644954205,0.0778455689485,0.305438527461,0.33693921157
D68,2.36994862703,0.4380026253,0.0485092750103,0.165610760492,9.82029283176,0.0189154740831,19.5859568459,1.49907694935,0.164312358064,0.030183454167,0.0531743144981,0.0554547278428,0.00850738233314,0.11833060939,0.0514418723922,0.135759281985,0.105414275742,0.0204990204651,0.0459869388961,0.0496796376461
D87,99.554006654,0.0667171602058,0.00337683262586,0.813121690228,0.0433073151669,0.305493379961,0.0142518989053,0.0846838914709,0.00229745662623,2.19015797413,4.35963718731,2.65449119313,4.2685321897,7.8360766442,8.53046584621,7.8546680615,2.59798935002,0.574534997853,6.90598361474,2.35640460815
D227,0.0387045998918,0.00649728671071,13.3668275886,1.33535837271,2.3246176691,0.194902076139,0.907455094727,2.17848824309,0.244331081614,1.854616405,1.9613173863,0.769645005999,0.000439310375194,0.312059163476,0.000695444385527,0.497191104287,0.20790937953,0.00459345836247,0.0356338925714,0.00451804688796
D230,0.0747908,1.19822,0.0526499,0.0,6.32479,5.30178,16.3159,0.0247559,38.7486,126.925,0.418236,8.65934,4.39069,1.52266,14.9259,11.8347,8.48414,20.5961,1.30108,0.145223
D10,0.0197199106092,0.0263127871971,0.00942956842172,0.00117706739768,0.0159180879134,0.00972301798787,0.00512887236727,0.00671677198846,0.000906438375585,42.0447476422,8.49296290168,13.8269254773,0.698074390293,0.0056212221223,0.0169745262014,0.00387355283751,0.00927305484922,17.5912663593,13.1027799417,0.0123379889856
D263,0.00836954415613,0.0044547526148,0.000543934788204,0.0599405597217,0.00104367930596,0.00318540724643,0.00372040415545,0.00335720190166,0.000353520316815,0.399039038845,0.0407332956152,0.114784129394,0.0366697948363,0.0892075271151,0.0254616558543,0.678950156461,0.232918007793,2.60360808068,0.0746816631832,2.66084822598
D262,0.203091856281,0.0422822386705,0.000879511045225,0.0134148868042,0.00516490949701,0.0299096244114,0.00594791653047,0.106760394256,0.000531045277033,2.61617476083,0.0876490090899,1.52833040379,0.2679821256,1.04192541055,1.09371008391,3.0592660666,0.700117623559,0.0431080102633,0.573650162524,2.41303678707
D261,0.00268565429087,0.00129851540755,0.00148442966695,0.000251418863933,0.000665634830865,0.000524993587199,0.00109429813774,0.000518250243212,0.000228299750893,0.00250744500254,0.0281223231941,1.02037087379,0.179314679397,2.29324144183,0.00242075002428,0.000987374090172,0.00114824215668,0.498880674244,0.890309230955,0.00171080400098
D260,0.605581032838,0.502678106902,0.0175551977885,0.0199285407625,0.0134564998943,0.113323356446,0.0290200692967,0.107071182741,0.177769537241,2.64178867168,1.69119416261,1.54371204556,0.00211744521804,0.269409721779,0.468246285936,0.162169351462,2.27269002451,0.0362732369659,0.140447072928,0.401683203139
D124,0.000339848036584,8.71770894652e-05,8.23714649382e-05,0.00030519493363,6.38998238903e-05,0.169937803318,0.000296409636826,0.000260893038601,0.00012062877086,1.17959448844,0.335474675867,0.656851785804,0.552351786798,0.760236832516,0.525487990369,0.580648395253,0.000354602734602,0.541483677028,0.442211379198,0.846750276801
D266,23.544373365,15.0160544404,0.605487993353,3.35434939858,0.00330293258659,2.94782539958,1.63460611009,0.468794717449,2.88456322471,2.52667433266,10.4281005254,6.0131154073,5.34189581035,6.67327273074,2.52030589546,24.151873722,85.9013430984,0.141908234369,4.77858200118,7.18091186257
D265,0.00667030158127,1.26594461181,0.000645942024525,0.00407322906846,0.972990957138,0.0188547737979,0.00427902438608,1.47283613597,0.000910421529063,0.60478913028,1.23030740818,0.206179123183,0.233783265362,0.097404602018,2.87718386811,1.06596812569,3.27675738743,1.35092438982,0.0522473550316,1.00176528435
D264,0.000863984061724,0.00126145247367,0.000899378990322,0.00057908405486,0.00109376065844,0.000483343952122,0.00274049661823,0.00136473525865,0.000310430762708,1.60716859368,1.49433891832,6.59351201205,0.0108604378747,0.351841208476,1.65715782071,0.550404344799,0.000963205582226,0.00208714126299,0.00654283676832,1.54030762031
D128,0.0,0.0,0.0,0.0285520765097,2.02529456255,1.58396342224,6.10576880884,0.0,0.00786744563122,5.63593361069,0.0363674098291,1.23612817241,0.00281352595217,0.393112234664,0.181315978273,0.194941059457,0.00341268764654,1.14692746301,0.0440003724952,2.89793093435
D129,1.46283377314,0.882417078877,0.00295444200897,0.282630551296,0.00137343422355,0.00189442150205,0.00361244638017,0.64600005722,0.00163761994491,0.0128974868232,0.00444274266115,0.462966495925,0.00444027960449,0.020865707637,0.136702708492,0.0731932276124,0.677810586629,0.0656746428469,0.138226293955,0.019577603959
D269,6.80854757726,0.00978391240727,0.000585747253465,0.00221752430214,0.0198066581805,0.0358937557015,0.00198613956986,0.00218020303274,0.000243469268181,0.00515585864451,0.19468645136,0.0025285252804,0.179214284316,0.288183608624,0.00397157154746,0.0654828971885,0.00525644569992,0.0220590150395,0.183101621997,0.0052767065805
D268,0.0923149117297,2.6411580159,0.00180365268412,0.0404102734384,6.2014471315,0.524845204836,0.019326543927,6.54661268073,0.00363349344228,0.409459178218,0.481190888658,0.0365647358961,0.0108802069492,0.656354767091,0.00883114021239,0.0884782592191,0.0335035866507,0.127392805854,0.0743856749056,0.019611660768
D220,1.0224301305,0.376379599923,0.00955081667475,0.0587807906618,0.00969072568638,0.243781490098,0.0569889561018,0.150207811929,0.219772116089,30.2724358259,3.14388162179,1.92752009836,0.0042960146605,0.199984638099,0.353734560624,0.389438598797,2.05611334042,0.0511242292299,0.179845576901,0.357462675632
D161,0.752392794833,0.0185249049742,0.00126439772811,0.000722317417818,2.27801993592,0.00135724690444,0.000484731389963,0.00268581955364,0.000740069039891,0.13466375994,0.101450757864,11.3241818496,0.858851710809,0.38018458338,3.4593282304,2.13129404933,1.09336314465,0.0021164330082,0.330217848326,0.0266820659276
D59,0.0220396834118,0.0350331023308,0.0286356141014,0.0573015370364,0.0850801163308,0.0367199465932,2.27117707868,0.536030882168,0.00538037442668,0.73673948477,0.162690193588,0.573999274177,0.102144482483,0.243180803788,0.394156486729,0.748654899784,3.56157144487,0.0714829314791,0.0631477464002,0.672304322125
D58,0.303832488874,0.0141687710201,0.153217737856,0.000919503902081,0.0123434238435,0.000425599996637,0.00351723647299,4.32168871087,0.00353089427433,0.0765195490864,0.0266193693699,0.0030338372768,0.00032156363472,0.013787311635,0.000786043920765,0.00358343837793,0.00285098886286,0.0012589322004,0.0020554851571,0.0107660794333
D55,0.00111029678881,0.00036860237228,0.0137815600348,0.026440989228,0.000295943106933,0.000646788908501,0.000785576088673,3.95480673567,1.00392722417,1.39000292147,0.000853949215079,0.00347886367147,0.000783126817128,0.0165032178124,0.000896605601744,0.0129827188263,0.00155645658236,0.0012617384572,0.00180647746998,0.0021979386674
D54,0.0111837650916,4.75948445184,0.000559960290269,0.0053608083405,0.25588493549,0.26494251993,0.00919103458667,0.00535962086752,0.00055560480083,0.901012729029,0.045690254645,0.746610308048,0.160113068429,1.25153952402,0.166923330089,0.0619980009291,1.05121479231,0.560581093317,0.398991285371,1.88327926099
D57,0.000551780957384,0.0001485075026,0.000171485173672,0.000344241042719,0.000117429478334,0.000172173426286,0.000299821059258,0.000319092709935,0.000135059785599,6.40804577314,1.04056933749,3.43222156563,1.58570681381,0.00137209303578,0.000355570977741,0.000539339108344,0.000414338667486,3.31340212209,1.64337254064,0.00118959553219
D56,2.02559187973,0.0170678637056,0.000549406686287,1.04803157158,7.22465951937,1.53236990814,0.00770297472377,0.0063717519894,0.000364928117355,0.952088803014,0.0137786740191,3.28733703329,0.531197173113,0.510172640318,7.35328955509,0.886782318688,1.23109044821,0.149060061101,4.61117681593,0.702797097718
D51,0.0112236234534,0.00182171819758,0.00584478884623,0.00251433331949,0.000962786336667,0.00259011993831,0.00914717433944,0.00154242296695,0.00035858889709,0.00565601898265,0.0188136399273,2.93730794105,1.20810910478,1.47252743404,0.00651214305098,0.00335712307918,0.00443709874259,0.00523988862719,0.602289779464,0.0129758677286
D62,0.000551702814369,0.0010514696589,0.000190328192946,0.000802985958459,0.000448453257948,0.0021744682095,0.000615145799501,0.000916809832928,0.000208365827991,0.125955582984,0.576739363503,3.4793957431,0.00210822712451,0.570266682055,0.000795833059771,0.00117337905527,0.00376831207091,6.84488642637,1.48067604544,0.00112983967799
D53,0.0437019308233,0.205165399715,0.00395969688247,0.0737000104159,0.0503648937156,0.211391286973,0.0442561074011,0.188269103416,0.0013015673153,6.67712232784,0.438666210922,0.338496418989,3.20579130473,3.6443992703,0.237478943294,0.680826941083,0.0485218057126,0.886841298359,1.08314656359,2.82896596165
D52,0.0165319907766,7.53113242252,0.00510639496423,0.0864198929794,15.8470579124,0.120523089137,1.99405982117,1.65878067239,0.00242792515312,3.71370974934,0.665725795473,1.66955797901,0.224689477487,0.686053574103,3.61183310437,1.69996174929,4.81960265056,0.124628443337,0.15625857005,1.42221648715
D259,0.00771418884592,0.00521190276277,0.00110188144273,0.00312989219028,0.00266224268739,0.0011558799518,0.0031563835273,0.00124961413537,0.00111767340682,43.7567563846,6.17987365704,0.0084380739074,0.00917826624917,0.0145837372587,0.00977938340405,0.015527704258,0.00444522313374,0.0580726526142,1.29642198484,0.0115521829148
D90,15.3353655391,31.4282508603,0.00625556739722,0.259046177027,17.8367971765,8.02126817712,59.5477458215,9.63878058465,0.00662350064932,6.94932182771,4.65115559166,17.1467538703,3.89802897811,3.61856602491,21.6378528702,19.6380092678,20.9458694507,4.96078500726,1.52672658119,9.97105411218
D164,0.0141495382782,0.279962218151,0.0,3.24833559627,0.00561017454076,0.899167855228,0.0,0.184142591252,0.0,0.0,20.3548453381,9.42081269983,15.1933706087,18.9549225618,34.3053132658,26.5618276537,27.9879119551,7.30140854533,0.0120146956608,2.69248324029
D201,0.565812921117,0.594070839322,0.0016654458121,0.0,0.0016654458121,0.16195702983,0.00298898806609,0.0698166537511,0.19388749669,35.6520245649,0.0111397809807,1.2286858033,0.0,0.0170405661646,0.0,0.159254769828,1.34981197795,0.0124192089427,0.130875930375,0.160589440086
D199,0.00175744383518,0.0492089507524,0.00128671950883,0.000752178016641,0.000232907368873,0.000223634792139,1.06259945167,0.00063217767701,0.000373634295239,0.00382416045357,0.0023399843241,0.00391525163886,4.20824743905,0.563606036203,0.553580814939,1.16278073459,0.00178089829585,0.309731864319,1.91831224549,0.0791798907115
D198,0.00100239336268,0.027605247703,0.000479620954267,0.000478133063053,0.00068545675297,0.115427462056,0.164027921167,0.000782174288145,0.000150780376555,2.59202694197,0.0623517345499,0.0414815191798,0.108907701078,0.0207724994708,0.0206534678227,0.0693248284514,0.000451349875527,1.40395649659,0.00604709485441,0.0819016078243
D134,0.00550018352182,0.000218894617056,0.0570664953483,0.638444199444,0.113084865104,1.05543205824,0.00166953241672,3.44317937163,0.00191068970844,7.37352489488,0.848888818902,0.00966845045439,2.77989537225,5.39591169611,0.00510321239988,0.0043556264228,0.221233599564,0.00155080890046,70.6105557463,3.28431846708
D195,0.0044381603655,0.00131143658148,0.000511375264429,0.0159578082095,0.0167889387075,0.277490107746,0.00645259407824,0.00551610057622,0.000327473411899,5.20313105754,0.031706044543,0.0299725877212,1.12204712071,5.59894454916,0.176034945171,0.469738281105,0.0178477776722,1.87350030841,1.21308368958,0.735897715604
D194,0.00162350879885,0.00107216614101,0.132382465428,1.7864783856,0.142471065602,2.27560006035,0.0125381188528,5.16431711003,0.0026700761835,9.59401760143,2.44977210536,0.00681696671161,12.4664523322,31.0775865171,0.016890787916,0.00489218871142,0.749412320746,0.00324209496493,69.29195308,7.52299207461
D197,0.00225025832986,0.000683352236205,0.000671276574034,0.00135882426398,0.000325533068785,0.000214310280581,0.00134522291554,0.00056806223328,0.000261595813965,0.00190019250792,0.0013281896379,0.00147080922469,0.145177667482,0.441806696121,0.0364846139183,1.77523004513,0.0019300640165,0.000755933130836,0.00168880612842,3.976381054
D196,2.73484163933,2.25191200839,0.000764467772127,0.00575607108354,0.0227331592565,0.0457782672845,0.07202789169,0.0799953695892,0.000138836261292,0.0614637444991,0.0293678046698,2.35082062722,0.0495927943522,0.784776262716,7.55906988099,0.442847799597,0.674883305007,0.174625380768,0.0802248787647,0.561545967762
D191,0.0291646434998,2.42646779463,0.00179773546748,0.00689511591839,0.0459000425795,0.0580999799087,0.00383791246376,0.0043788100059,0.000484006132539,0.0682745975867,0.210701882794,2.72341240564,0.0223946793352,0.434308251534,0.230553075581,0.151699530887,0.255353818326,0.0135880456665,0.460391124402,5.73968734212
D190,10.4806472355,0.06206412558,0.000797119814935,0.00333366343121,0.00120179348221,0.00961037275924,0.00458038593315,0.0018033013079,0.00143775098663,0.0202134855055,0.00392508482023,0.0227631593893,0.0183135932524,0.746252307515,0.28220469352,0.106147529902,0.0212930140265,0.0274789491569,0.0445051556705,0.0519546254724
D193,0.140785809263,0.0237418311704,0.967467392819,0.0064834858599,0.010812395965,0.0123812872911,6.35029383474,0.226314119952,0.0189166289073,0.0800660371389,0.0466397032639,0.0454441426708,0.00384643724582,0.0243334439322,0.00392347365829,0.00748398321792,0.0341922561261,0.00273482771909,0.0198040418098,0.00627558492092
D192,2.04554178698,0.0189317867524,0.00106417934289,1.08395390552,0.130431566892,0.0442860552888,0.332191285845,0.00520918144548,0.000499790156829,1.54452092545,0.0710289447235,0.760606147237,0.0597708115779,0.444468691796,0.533812597955,3.04909272354,0.561390404847,0.553490880556,0.273484196144,4.08164576952
D115,0.0164858785043,0.00109738923732,0.000259270328373,0.444410606613,0.0523047604833,0.291533615312,0.00115150461531,0.000952946322174,0.000225481797255,2.55797125665,1.1699864963,1.72773354827,1.10136663199,2.19629428069,6.3658425738,2.53207441071,1.27567957172,0.730556353862,2.23453329886,2.58784764426
D252,0.00859847985096,0.0142934245485,0.000564079841883,0.00598205535709,0.0826080596928,0.0226859897787,0.00253038549533,0.00723782463729,0.000449040920819,0.38039173599,0.406515391458,3.94455080428,0.143393397141,0.175898330388,0.436291821122,3.16326147485,1.71935422272,0.115057423484,0.375427675391,0.737659669124
D117,0.00265576351807,0.0987986650776,0.000703646481331,0.00121122111131,0.144070261796,0.36106835024,0.00233689167122,0.000973397769175,0.000367991791846,0.292196130862,0.631269338909,0.304093082939,0.0733187835273,0.212757418431,2.62050256406,1.49852238824,0.0520972478462,0.562365992425,0.98947879412,0.718624607537
D202,0.00427759746639,0.000344408767275,0.00123973467969,0.00211943878343,0.000263231617981,0.00020616975331,0.000483666310312,0.00642794525898,0.00223390216928,0.00319614097356,0.000499970091054,0.00103594349552,0.00638039484953,0.00679001591903,0.00150602436816,4.61096081385,0.00151349676042,0.000618169443641,0.0012003359822,0.00207834066141
D111,0.00107952486932,0.000126885117737,0.000338226762596,0.000627220831138,0.000187725918694,0.00282109255212,0.000539161872092,0.000496733035344,0.000155704493414,0.188206279933,0.00139733701816,0.00659682557355,0.00308206893196,0.00346272329962,0.00190567656943,0.00373650655081,0.00117078499225,0.00266258756975,0.00206138225112,11.6788951568
D110,0.809319801591,0.00742683830872,0.000697381194274,3.73872736292,0.0273865556896,0.146571649759,0.244562960576,0.693042679993,0.000200964468061,2.78216817276,0.00196739690203,0.0036210726978,0.0186994012163,0.0131517579497,0.00403442070356,0.014467447353,0.0172635380171,0.0399280054085,0.00911219994954,0.00838341679067
D113,0.00418154529357,0.00911317017754,0.000261510677323,0.0100916217987,0.00218264693597,0.00226992623413,0.00273027691297,0.00329300024215,0.000545005318617,0.0130023655245,0.00477774112048,0.113218738636,0.00393250504158,0.0791904760054,7.86355530291,0.0384988493422,0.0161191661925,0.0332453393367,0.0224059258634,1.40540643696
D253,1.92092266795,0.389324895292,0.00469636591905,0.0028885536418,0.227728978699,0.20186904678,0.582346458982,0.00153445599504,0.00116493242476,0.332382361718,0.113588496925,1.20063287731,0.377961270654,0.334067566126,0.149491810358,0.0875414991141,1.18841272901,0.321182834722,0.0577111872751,0.293909286636
D82,84.5297126569,0.173962175446,0.00352182889657,1.23436613131,0.062324900211,0.214680696584,0.00519884566735,0.0657141394416,0.00275757856341,3.21860179006,4.7552675507,2.31135791276,5.97327669533,20.7852812532,11.5772064062,10.9121882245,4.39937850137,1.55559459475,24.9822373125,1.53915612533
D83,0.391891474528,0.00320828062382,0.160129049659,0.000877054011857,0.00220883900513,0.0021212711538,0.364022784893,41.6672253194,0.0129899828319,0.0503406231152,0.0478225413899,0.00520423313505,0.00604026148212,0.0232076286381,0.0022857183631,0.00553261085821,0.0033087762746,0.000968930804316,0.00864280734993,0.00209007087335
D80,0.540790911909,0.00576064700084,0.000552167721983,0.00321068922217,0.00696105496482,0.0452836369209,1.43423139277,0.430336569569,0.00028093953244,0.667902433749,0.171200033123,0.618182855081,0.32539593736,0.565273508781,1.42576042774,0.790784008621,0.854945268219,0.300453320946,0.435573707784,0.662175422687
D81,0.00340939890747,0.00286601195493,0.000388947064737,0.00203887309129,0.00497959382592,0.259701313353,0.00324624957884,0.00158057842637,0.000339700318538,10.6885612018,0.563910080374,0.00720942473202,0.112073674809,0.40325389909,0.4324674503,0.424084856987,0.00443553765183,0.490567956001,0.247631255695,0.585006019021
D86,39.3533116617,1.75163281761,0.000649978955592,0.0940904272363,11.2684488128,0.0901918511661,0.0193246641116,0.498506738878,0.00158364875067,0.646193407669,4.24446704972,5.41832557785,0.776671337949,0.56143658184,2.36147382574,2.17455971613,1.80918567447,0.800097871631,1.15467087866,3.80251144438
D118,0.950582968726,0.195912917678,0.0145269736152,0.0298364725117,0.0293984894419,0.0104371267929,24.392504347,0.112347492474,0.00235493831193,0.0176769833341,0.038791656393,0.0279095334816,0.0149922765182,0.0367941712403,0.0332346363765,0.0349783997716,0.0493056082407,0.01714521393,0.0259537916618,0.041380337016
D84,27.6622,0.0,0.0,2.28646,0.0,0.0,0.0,0.0,0.0,0.0,0.0,0.0,1.96503,0.0,0.0,0.0,3.93973,0.0,0.720238,0.0
D143,0.0218662524944,0.0103037343006,0.00281768515854,0.0249319479339,0.226959349962,0.00980147071964,0.0162579661128,0.0128713307084,0.000750272008603,0.407297615556,0.0176689193108,0.352119258703,0.411651393199,0.64739295448,0.0190965030195,0.0497347044775,0.0308966124666,2.82733106306,0.0528921006771,0.0176001286967
D174,0.0119034980116,0.172343931473,0.00237295165748,17.9657902836,0.0503452703439,0.014102098028,0.0104603593563,0.00175307757126,0.00262477317888,5.96479100129,0.0260733760807,1.69004481093,6.22723235236,13.2268179243,0.00375797787316,2.58428762106,0.0175985745581,0.00885255186688,0.00897846886302,0.00381609324494
D140,2.24197385466,0.0621812834289,0.00169763134417,0.00262379870332,1.54645762914,0.95322350091,0.00142294592189,0.00170733243825,0.00143162564269,1.11470558988,1.85257046421,1.62885297984,0.681932943431,1.4926276948,0.305757879579,1.16776938409,0.0103312953626,0.173165503024,1.90254511368,0.404717215147
D108,0.0,0.0,9.81936,0.205862,0.0,0.0,0.0,0.500341,0.327198,1.80641,0.0,0.349012,0.0,0.0,0.0858896,0.0,0.0,0.0,0.0824813,0.074983
D173,4.40420296515,1.485165677,0.0,0.202523548938,2.45553152994,0.261732600151,5.3998471861,0.152346515525,0.0,2.46107165079,3.74663594596,0.146207033541,0.438066952654,0.539344648597,1.52937392716,2.52361823699,0.136867089546,8.22749951585,2.46867045274,0.352223405579
D141,0.0,10.9980290743,0.0,4.17481331744,0.0,3.85498635836,0.0,0.0,0.0,8.40167591975,0.0,46.581665288,7.91778581248,0.234406124354,0.836312391736,2.85935604132,0.17838713389,38.8092933254,3.29400124354,9.38854453715
D257,0.00362100035821,0.0,0.0,0.0,1.67679800716,0.000778710534,0.011758519238,0.00465279116748,0.0,0.0559893222536,0.0249382853583,2.13257623005,0.460937753383,62.984716474,0.0300582203886,0.126482104149,0.000661903695758,0.000681371907645,0.486421554352,0.136060138182
D3,0.00906148006263,0.00142017762613,0.000998335499743,0.00420383293689,0.127651987751,0.00242109081446,0.00301304699326,0.000845405465188,0.000317886381749,0.534996774894,0.259051608713,0.0041531420787,2.30683623175,0.0153985831956,0.00748665601573,0.0125711124551,0.00859238132126,0.0584859439637,1.21550635426,0.24922978197
D171,0.00296923048816,0.00183954036488,0.000987327399035,0.00510305789938,0.00222313472068,0.00117385145869,0.0024323974231,0.00318277862377,0.000270559418024,0.00909388743342,0.00400566335596,0.007705172873,0.0129687205575,0.0230126882046,0.0191866448395,0.0047069406132,0.0105158941692,0.0098574508635,21.0744964237,0.00460346471089
D7,0.337301087508,8.57310290914e-05,0.000211669318515,0.000560906928048,0.0259758393753,0.207401661561,0.00826440607239,0.003771170674,0.000677541004615,2.3317461875,0.372669469122,0.304818018897,0.319540139483,0.427410756559,0.678619239961,0.122667820248,0.0257156549021,0.596075610763,0.0245945091839,0.662183165885
D92,0.0,0.0,0.0,0.0,0.0,0.000449034059273,0.0,0.025562904083,0.0,0.000406269098189,0.0131396042797,298.553707978,0.0,0.00203134199329,0.00379540844506,0.00431928408087,0.00366711948489,0.0202386374409,0.0693543805675,0.0
D255,0.00671436828896,0.00101893448059,0.000763531993423,0.00218404290463,0.0163366870048,0.0383704082332,0.00262524304173,0.00148476397589,0.00107408419877,1.1928103462,0.927979100451,0.00667688792975,2.1888570903,0.992878048172,0.0139534644644,1.03641497615,0.003572964345,2.38267669967,0.193387697519,4.01702078634
D119,0.0862587553127,0.00967650744058,0.829487604672,0.00156577713964,0.00217643068143,0.099207642882,13.1902438288,0.0,0.00294366197351,0.343860499219,0.242773652289,0.017427112132,0.707121630902,0.413678624273,0.0708827831616,0.325055654389,0.0165502884461,0.262455580602,0.435505557639,38.7376474295
D245,1.01872210441,0.00286987090533,0.00038520005028,0.00269936782879,0.0161665286298,0.137082734346,4.41455106396,0.427814712294,0.00105270424299,0.662225409855,0.620082012258,0.551148333544,0.575139223838,1.35908222072,0.267500309973,0.525212300571,2.22924037792,0.529357169568,1.52615533272,0.20868937567
D244,1.28477088687,0.438234029565,0.0321437330675,0.394923549827,0.167956624687,0.00132718096054,0.0282510147803,0.584193077005,0.0399570358699,0.00556033576628,0.176748508518,0.511858558672,0.0420041159264,0.680458962272,0.0267101209851,0.450976610548,0.523904727915,0.0448000720897,2.33091325688,0.168530830677
D247,0.685696286485,0.117757017928,0.915914522628,0.0400512122913,0.0719966933401,0.335483091811,1.52790230392,21.0701109859,1.30381333857,1.19840067525,0.237634881016,0.571911075042,0.319435987905,0.135781470055,0.0965645014915,0.107422019562,0.0800135169828,0.247036247777,0.142815601606,0.369053139018
D109,0.647258630599,0.00377187154803,0.00194819036252,0.398258105569,0.0147673769174,0.00920510754262,0.00612934239059,2.49090986344,0.000357914758734,0.366775935717,0.132760921953,2.35163700877,0.368557283095,0.276427350717,1.39543873093,5.36194058869,0.723194983334,0.132264112923,0.159401958554,1.24985304226
D241,0.0080616044402,0.0235848121254,0.00223663884991,1.90636195438,0.103081916594,0.394513170106,0.00353428187892,0.00237174663411,0.00148986494369,7.57752643081,10.3235907378,6.39360886027,2.56058816359,0.422561379276,20.2267596864,5.73330417813,17.0395066552,2.62364693954,5.6782886593,23.2365630802
D240,0.00312113094493,0.00137025258918,8.96977706485e-05,0.00237345348394,0.00122449399408,11.7965762297,0.00282312059411,0.000930615494973,0.00184647702041,0.00539544443386,0.00432733157105,0.0026572990234,0.00510097460436,25.7767365129,0.00166354073342,0.00193027418349,0.00199577658297,0.0064535241461,9.2509541121,0.00390834848407
D243,0.0001049064885,0.0,0.000265027270027,0.000110428009397,0.00553244625056,0.0,0.00528397661798,0.000833731678202,0.0,0.00688794598194,0.00601004419977,0.00627230586323,0.0449414068661,33.4210652345,0.0317066103751,0.0199377789448,0.015874013981,0.00522048102403,23.9571912473,0.0134363271197
D242,0.0352141683811,19.1326160198,0.00131969855603,0.0073544443244,3.32491341575,0.250571950696,1.12942764568,0.0104371561564,0.000435628597557,0.112866249123,1.61437757292,0.0893231095147,0.0665999781657,0.0169369922527,0.982651177637,0.700971791533,0.341206353597,0.012610170671,0.0695417189994,3.73339996799
D102,0.879504917458,0.646364641864,0.00233788459422,0.0192635024634,0.0053407522511,0.0044373832124,0.0434663044123,0.00375567375254,0.00921771220343,0.00790447836724,0.0343405663972,0.726580314982,0.00393132839589,0.588636778833,0.185006576448,0.0216599398971,0.542422800878,0.108316437795,0.0944313235959,0.0522991971602
D103,0.00426201177722,0.106843788788,0.000832766867248,0.0222634855492,15.7828186401,0.063031215013,1.45610977328,0.92658526725,0.00113913836858,2.21723035977,0.382918874975,0.719521031054,0.131410332546,0.445053393029,3.34789542543,1.03145817513,3.01085436341,0.0772047810675,0.135550464481,0.902129929958
D100,1.56375486694,0.311746407047,0.0,0.529595272778,3.09423169336,0.012435459002,16.7560608319,3.44873778151,0.000223258228114,0.221326788072,0.19473670356,0.324460481419,0.281634587397,0.230435669592,4.35956360177,0.583953543452,0.257259986086,0.407032582443,0.0908660282745,0.160159614717
D101,0.00446586115387,0.000530871027715,0.000762853863104,0.00245073321436,0.000453057838236,0.016636620013,0.00232346950322,0.0020798496473,0.000458876040976,4.4388914094,0.00301287366718,0.00343102555772,0.199471456791,1.21524115113,0.00707513007119,0.00753182174126,0.00380845200119,0.0117147934797,0.0993244766018,0.00898553539595
D249,1.62454477459,0.205270620699,0.00303695114215,0.009313497935,0.00393146271427,0.00375876051844,0.0336031828805,0.0238026348582,0.00281345703996,0.323811629386,6.40287444534,0.19753331818,0.229723376913,0.244584696694,0.578786660862,2.283755526,11.7575789681,0.4663377122,0.169446864555,7.56086786146
D107,0.00321028485261,0.00305812227848,0.000725190669009,0.0608425081619,0.0208167485847,0.0196365503628,0.0089450025259,0.00497872421622,0.000554098915321,0.137042801135,0.97586647279,0.403931382096,0.344424220278,0.44164538656,0.414304528652,1.67294991392,1.24347428524,0.0604086462358,0.258095028068,1.08782736545
D104,19.3559523658,0.883214987254,0.0193710562322,0.0142823302316,0.000252152205293,0.00238926869707,0.010128943258,0.227551481154,0.00470907582891,6.90387732103,0.101487320386,0.011677067525,0.0102507353293,0.448750642464,6.73932756942,22.2290267415,69.4410841764,0.00343498893299,3.75778639531,15.3749651622
D105,1.85292221141,16.8407053262,0.0148294016846,0.0455614883753,0.0923866938134,0.489520970874,0.0141552104069,1.19671242425,0.089030806792,1.12646253287,1.42187131638,0.175760823596,0.0919633715874,0.843313442879,1.66524541001,0.41732689023,0.589835314806,0.856419249313,0.095095557903,1.54546752513
D39,0.0115293999154,0.00887776749039,0.00252734665437,0.0118959019856,2.73776324139,0.475139258902,0.0084452025,2.49651902764,0.0023169383279,10.3755698005,3.94151919334,7.83446957894,0.905027169916,5.9818388248,2.50630421854,5.31435052067,8.61016347137,0.886354007145,3.52432439043,2.70380178883
D38,5.16883091988,0.0299773118552,0.00162516968985,0.143772293742,0.00877539192529,0.00257937225584,14.9071978916,0.00389274037244,0.000834574700097,0.0196784275666,0.00568424237366,0.00311041427817,0.00444962441649,0.00674435239707,0.0514882195617,0.0329767425022,0.08957136289,0.00921725379169,0.00445545097099,0.013722416338
D33,0.00112825103439,0.000352672220805,0.00031981329768,0.0178234998993,0.000442972620082,0.0155055398256,0.000908770998497,0.00102992352741,0.000327087275174,3.96580076117,0.000819223481373,0.00267840419066,0.000736448203039,0.00197155428289,0.000870142588186,0.00114229752771,0.00100484058139,0.149224556958,0.0010221478124,0.0193949741078
D32,0.0970911019694,0.589328468384,0.0857978300005,0.311698285567,0.0060305974956,0.000598542622255,0.0545644691746,0.0415697093666,0.021256154159,0.00263659802043,0.176757381798,2.86256826954,0.0377443106205,1.43209184047,0.11563839115,0.87175292477,2.94832050531,0.0029964751626,1.53422487939,0.039311798265
D31,0.00585937963785,0.116200263215,0.00108669858635,0.0963999568636,0.452394519744,0.200949793244,0.0103557757684,0.00397003127893,0.00130573714857,1.13005197141,1.34900476297,0.352534261844,1.19153539796,1.96023984507,1.30074197919,2.33526619494,0.909600444028,0.608176181506,0.589188540719,0.500297550866
D30,0.00308532693881,0.00190125754973,0.000928012193806,0.302276134722,0.344923716546,0.0813450864886,0.00231754077416,0.0018928241057,0.000622892191096,0.8983877083,0.00350122637833,1.54480649387,0.273198040181,1.13963049512,1.09530130953,1.48560939592,1.17342536305,0.102153882576,0.459985438486,0.732456401066
D37,0.0018550237104,0.00168751356183,0.000352082272434,0.00152465383134,0.260315852934,0.449355997986,0.037340851473,0.000406368604204,5.89388013078e-05,0.462099222102,0.44258117391,0.049142597944,0.592413002513,0.177396625196,0.606176871886,0.0843306360081,0.00178367547709,0.342544847,0.0632057123984,0.32702995029
D93,0.0067351779733,0.00613250135422,0.000821324169395,0.00544732922696,0.0159227153024,0.00295011931668,0.00788006645907,0.0081715985347,0.000255487562021,1.3307163858,1.19532955948,0.752522346606,0.0164617244866,0.162976992177,0.119405148069,0.314392166777,2.18817918216,0.00827971767514,0.00795695461292,4.55254950678
D35,0.00816979076188,0.138788083684,0.000684291706834,0.00942187858605,0.015919056313,0.0193681285108,4.85244888782,0.00700543282984,0.000528104004582,0.0043836079533,0.00479809384362,0.0103451991536,0.00531095487671,0.00465369997636,0.017502504385,0.00693524706583,0.00995084707399,0.111541255795,0.00606801805506,0.0173385537184
D34,0.00642820765798,0.000983571317043,0.00251187506532,0.000341916135625,0.000518708043573,0.00308712053124,0.00153458595318,0.000538451612168,0.00095575081255,0.0104118468807,0.00122677109612,0.00160817442052,0.0216915120831,0.0345048585502,0.00478593006912,0.155340478795,0.00313827383635,4.41630265575,0.0869069451177,2.08665285546
D246,0.0082527784212,1.25894385924,0.00430438589486,0.00118664459828,0.203695790731,0.199052540647,0.0902103683402,0.000723554872389,0.00116500102671,0.563218496725,1.26763816976,0.354621638463,0.120009699914,0.739122501629,2.02159692594,3.08976564678,7.33893769641,0.00599180927359,0.50115438987,2.20987894405
D162,0.365893154883,0.00600836206773,0.00449567087398,0.00132977236443,0.106984665369,0.637095169833,0.297846738702,0.00231225665619,2.41896284845,1.40162252435,0.364172093979,0.401783198391,0.815572523894,0.237980517823,0.488161594021,0.425273560569,0.0988045229307,0.387931929685,0.103383956968,1.44936360862
D114,0.0130714960359,0.00542509992696,0.00221626677336,0.318821677138,0.00963307374005,0.00322738754036,0.00728500213657,0.0407350294737,0.000230748353345,7.09430386242,0.0152185744358,0.0119521501686,0.00342566719614,0.0686876483853,0.00799116236121,0.0343076956529,0.357246895861,0.00640723256122,0.610145006672,0.0198524829672
D200,8.56088806478,0.293267099856,0.00205772221184,0.0065272621926,0.00211192066286,0.00223657660673,0.00370624988731,0.00386613306251,0.00403324440423,2.18357629348,2.62357488819,7.34138454333,8.23031334155,7.19151081684,8.16704628673,12.1719950914,23.2294335463,13.5656053,1.85772806554,23.1384866105
D271,0.00633251793957,3.91100623807,0.00113537679955,0.0187831878732,1.74697393898,0.115438898035,0.0107451422207,0.0106900955827,0.000693668545297,0.0462103784542,0.0127402288362,1.61996891219,0.337879053914,0.876094328073,0.640729589225,0.0132665141466,1.37656740748,0.187241613459,0.173083180904,0.896151878227
D176,1.95914922598,0.00375210240336,0.01122953626,0.484470145558,0.00303049441035,0.00300627244059,0.00694069013326,0.00597174514348,0.00136799460563,0.013363752546,0.00585955414013,2.68307190747,0.00368963100784,13.0881659766,0.0169858281438,10.2745348117,0.0160398324962,0.0083813638006,0.00376740130253,0.00894487174888
D60,10.0480646342,6.1142017004,3.91129872752,1.92798441012,6.30446634354,2.31383743349,29.8773544065,5.17230691289,0.0674331779462,6.4539289133,3.54459381555,6.67248219035,2.64197670983,5.33400127511,12.3286100109,7.37815632954,10.08170132,3.6994540064,7.59826849736,6.33577531878
D61,0.0741308194588,1.20756968279,0.00191217312591,0.108044199477,31.7727383357,0.0394524914871,0.718718839164,2.92523454492,0.0303419850761,0.417879206031,0.215724164399,0.548893027777,0.247342577658,0.186350597577,0.79035164019,0.251950780027,0.608848902338,0.152313953184,0.783843087147,0.0826368070626
D258,1.30107590357,0.114572346214,0.0010396544397,0.576102419027,0.0611400238245,0.242167447999,0.129412878223,0.0229603613113,0.000774966514704,1.69333613893,1.2153806523,1.91257327566,1.54233609623,1.67799061155,5.06444974023,3.38359941295,2.7921420388,1.12900251587,3.53665757212,3.08052036279
D63,0.0336016054394,0.248118753521,0.0311915445548,0.0758648396961,0.000638852049633,0.000256505648721,0.00333058861359,0.026924279346,0.00156818689426,0.00156378272729,0.0727676803338,1.588682357,0.0148144052692,1.10349422832,0.224610831347,0.473190953029,1.46507899489,0.000603616654531,0.811430018804,0.0548903128177
D64,0.0117120636589,0.00259761662226,7.87626898425,0.421598002166,0.00202995009526,0.00314542982878,0.000894804271739,0.0409009820389,42.8509226336,0.0268375071589,0.00599794846645,0.00115708078674,0.000494676352658,0.011281679459,0.0371396692713,0.0965053445046,0.0122449334046,0.00120303130772,0.00165875408264,0.013821811936
D65,2.47771457591,2.30133540919,0.00898627723452,0.120512867542,1.69973776207,1.0265599783,13.9020681747,0.877176608268,0.0123015071459,2.08468921707,1.44436485335,3.30150449016,0.656160071985,1.31606459328,3.47601313304,3.59970918354,4.41181367508,1.15914709221,0.778611321539,2.51417478846
D179,0.0175230263624,0.0915603572072,0.000999065771825,0.00510928341452,0.327954473501,0.334551477486,0.852415522061,2.10980933716,0.00191701908853,1.6617341001,0.0313615795938,0.902694936565,0.760159584792,2.65196427752,2.89224780459,0.534207257546,5.34407287205,0.228434013669,23.2313481544,0.289007902857
D178,0.0381711876126,0.00583606223491,0.00084445497533,6.38200003894,0.0269846695906,0.00615801760004,0.173485917662,0.968082202375,0.000715003645092,0.105393917351,0.0288127570936,0.108357894,0.0306009402917,0.0292279456457,0.0385447877885,0.0274270293394,0.0234713579894,0.0702463999994,0.036862580882,0.0694230803483
D177,7.93772617062,10.9086039506,0.00190814062297,0.344502795264,8.68035819486,2.7793687882,14.195579666,3.72949141778,0.00688196019844,5.12134025492,4.08578956736,9.59748564779,2.62779943404,3.88163179273,10.8883910489,10.035528996,11.8233625129,2.91779652407,2.7732438426,6.04552795897
D69,0.00141400640005,0.0100620026834,0.000287384885919,0.000809262109672,0.000272398860526,0.136399550131,0.000707002919869,0.00045135366707,0.000471629323252,1.02262682585,0.00284828805289,0.123721094923,0.426990045134,0.610141747299,0.553523288013,0.588795886438,0.000709647292673,0.110137298509,0.88900589891,0.00311275089312
D250,0.0116842258036,0.00778327020449,0.00166820693073,0.0156314173287,38.819210973,0.012216570536,0.00729208112664,0.00914862968548,0.00137431554645,0.170396454445,0.019462419477,0.011694879296,0.00486590548631,0.0253833253913,0.00757459230681,0.0118926599911,0.188559153062,0.310991407524,0.0226451028272,0.0109865365538
D251,0.928276055896,0.00268298616736,0.00069602819503,0.246628498779,0.00338394567479,0.173598400581,2.06086040431,0.00177139235693,0.000107536439906,0.0570115939799,0.0818308158667,0.00903059751211,0.0608385196966,0.0683468317333,0.0105602794399,0.0751349611401,0.169048343708,0.128950043129,0.0981206391049,0.0318258620136
D256,0.710394653295,0.000224694237428,7.27883144691e-05,0.000444844380263,0.000165700903545,0.132691180959,0.000413278449441,0.000319960079194,8.30127237159e-05,0.775409062805,0.279453787901,0.77602088083,0.273240909213,0.346322216909,0.783294453201,0.950070686648,0.975983381314,0.296512792855,0.257775195803,0.833115013896
D172,0.356545215559,0.00322807965593,0.00131601759149,1.42160745386,2.78687636108,0.0388002762784,0.00189789756691,0.00204504004657,0.00149738744773,0.0702285013784,0.545486996828,0.553644311468,0.0804576642973,3.26025399087,4.04333495184,0.772193988377,1.01418811446,2.1646580167,3.57535337384,0.261445590865
D254,0.00655637256373,0.00106508784898,0.000190143214024,0.00230888585936,0.00438187430991,0.000418888209249,0.00146539178812,0.000729121387847,0.0015025609066,0.0049708963887,0.0156275072114,0.00127953638187,0.0941838871818,0.00290790807749,0.000601882868792,0.000983598714602,1.84940354743,0.0854344307139,1.72567746224,0.479468744062
D170,0.00226447673885,0.000305905836073,0.000935387460379,0.00197458380277,0.000477080646367,0.00139700753924,0.00181003563636,0.00216674097268,0.000183875007714,15.3124872349,0.00462116730802,34.5958066976,0.00459687191529,0.632637273527,5.36087834315,8.30394998991,0.00331306297428,0.00523463586277,0.00873323252403,4.51018171009
D203,0.0183664679574,3.06896538461,0.00433134434483,11.3453092168,0.000340367822582,1.1266637761,1.11111348395,0.003530479626,0.0,4.45823959444,0.484890029477,4.95506235274,3.24597236966,0.309867899046,0.427454794038,0.72463578487,0.00632682582256,32.0640877019,0.21746816608,0.0338699054197
D106,1.98827620088,1.51883924243,18.3575656952,0.0275929937058,1.42653884334,0.288339354742,0.144229392924,0.265429222623,1.06425497557,14.0298768646,2.27929851795,2.03877976891,0.412641771673,0.487576255705,1.10491411862,1.28801128741,4.4156767571,0.208632710205,0.26143217959,1.68290329209
D175,0.046785407598,0.0699652134511,0.0,0.0567546186557,7.49283316505,0.176581729205,0.0417076674333,0.0582768540087,0.00117096583972,14.8400369329,5.10646674745,1.04556100502,0.231228573848,0.32659838636,2.03200994883,0.765173501448,0.409114817047,0.0559935005474,0.293279182156,5.0997850618
D248,0.348384972741,0.0175578399397,14.1955684914,0.00102616903711,0.242502941153,0.384750039954,0.506399172038,0.00122381041908,2.03661006149,1.4393007112,0.323272811044,0.442473676461,0.707443442138,0.120500813862,0.0730899513424,0.330497155083,0.127929037928,0.150169759622,0.0321819155624,0.931156229958
D182,4.17571144669,13.451114406,0.0,0.251159244738,10.0863315412,4.17713002301,0.0651980807171,7.32258082438,0.0,2.3223334769,2.58936909383,9.58785582144,0.44559379406,0.2847841967,3.56011342312,12.157600875,16.0629648288,1.95763631466,0.255708149304,4.20691733776
D183,0.020870614568,0.121300145975,0.00729618769324,0.0757136356397,0.0284129006074,0.0688174039859,0.107116067132,0.0909017236009,0.00896852087621,1.67328504846,0.191308909529,0.0335110175623,0.239840133705,0.0556148949819,0.114328366984,0.189141603523,0.547714722526,0.159417089484,0.45214271343,0.0518787403019
D180,4.21004132823,0.000236954343318,0.00389427004282,0.615950392161,0.000324755950961,0.0010947181421,0.00383854915668,0.00117858160458,0.000312937428335,0.00341191987769,0.00145999881485,8.44789548186,0.00119152684217,32.256473011,0.00174141832118,27.5552316648,0.0139223341213,0.00246466342316,0.00286596452264,0.00393198038696
D181,3.24359082346,0.0393920454704,17.6083922177,0.205876620365,0.00541185831157,0.00519323611023,2.58975695539,0.907179966481,1.67656686786,0.0344451592287,0.00285733484632,0.00499089354706,0.000943001215165,0.0245266661388,0.0556710180573,0.0332833326357,0.0564522656204,0.0084775654029,0.00905726994783,0.00930864347766
D186,0.007541836842,0.00213901933606,10.7386818202,0.107200983606,0.000706929747768,0.000877368721788,0.00100266533114,0.626105941373,0.260510698789,2.18795169636,0.00737689679411,0.227802413164,0.00102957663747,0.214191025677,0.100420191708,0.00641619007853,0.0361833441615,0.00049829436496,0.439089880276,0.0791801898582
D187,24.3170898021,1.71116355284,0.0527948818236,4.48973837344,0.00092556322654,0.0347049982193,41.0252830449,0.0150376918994,0.00207261191836,12.1070010541,0.0300051612085,0.348648711121,12.539597167,0.194081689788,0.202417320924,8.26343478194,5.47009841991,0.0178089761064,4.94907553121,3.15972084108
D184,0.00477937197012,0.545402594687,0.0011521967509,0.0113667727554,0.0178336143327,0.922601697304,0.00999739005377,1.27834085885,0.00039931445701,0.878747466791,0.713532645191,2.10805975117,0.263142960183,0.432897237015,0.00715003226995,1.72881697844,2.57564997388,0.264203636474,0.573758558482,0.576015944974
D185,0.00673359082657,0.00155077738303,3.61123539072,2.58090948356,0.000637462750386,0.000561132620389,0.00136864484468,0.00342396885634,0.0029232517669,0.0052184735366,0.00194186002252,0.00182014407997,0.00119358517859,0.00356602057144,0.00165422138828,0.00227576951884,0.00170343743529,0.000876180352332,0.00376052996469,0.0022542558953
D188,0.0151752514966,0.000955911820786,5.90128930382,0.000854165673908,0.00041326541195,0.00159904868866,0.00266424457707,0.000439015864174,0.00164112808034,0.0196759553829,0.0153749851377,0.00406921976361,0.00419420625085,0.0103894169994,0.00200603287837,0.00210966380483,0.00110036671732,0.00293745101602,0.00675795761462,0.00409873974766
D189,0.00169269521314,0.000676787674739,0.000848769898346,0.129946087364,7.12153042103e-05,0.0010498194921,0.000826484440456,0.00111231408839,0.0004127579638,0.0376801470204,0.267752948962,0.0387827641011,0.0133729703678,0.0591726309845,0.00403117244635,0.793738787659,0.00243197802103,0.00795479057227,0.0193812117566,5.49447969418
D97,0.279354404666,0.00423489722097,1.03742837024,0.00123315203432,0.00360267204493,0.00523451627033,0.00390602313835,0.00115418448676,0.00158609980642,0.00489986540907,11.2455807723,0.00202042417202,0.226131969384,0.102812891917,0.00127456195129,0.0680867386978,0.00132945373736,0.0037273834108,0.00138916108642,0.00418000463628
D6,10.6797246237,3.3102877436,0.130852275398,2.41817577159,0.000526618923493,0.916407808737,2.04902462888,0.237484001209,0.971036026757,2.52209250692,5.66131824224,3.5201064951,3.25454082954,1.8079711136,1.65813294882,9.38705160162,83.2145604977,0.0427080936431,2.50134859158,7.18345160385
D142,3.42392555184,0.319496391661,0.00709699578831,1.91774999612,0.0188646425139,0.0469813530435,0.0273897257061,0.014543964517,0.00171112498608,6.60748411825,52.4210100591,2.94794182814,4.86701648156,0.746949724096,0.434120607981,3.1866176125,29.0551516184,0.559322186274,4.10278701639,10.5052876895
D99,0.222844331573,0.154567067833,0.0631215076781,0.00699053596543,0.018934448417,0.0351404041722,0.049793845681,0.184546588572,0.18799431637,6.09365298596,0.239638667819,0.48762884581,0.00301672562805,0.203457746101,0.265480494655,0.0350737656232,0.632627294754,0.0330720998933,0.0054908418546,0.0871331342029
D98,0.0107420108791,9.22760583568,0.00068971704628,0.0643756495179,1.16422888284,0.0146211245131,0.191034072281,0.231165954142,0.000146729566779,0.601278694097,0.181436905283,0.881371387423,0.0254764772184,0.113509845777,0.35940749979,0.265063053416,0.946936716929,0.0308457282999,0.0247823647776,0.239939047189
D168,0.00282782424926,0.0278662534543,0.000214535337372,0.00280605996695,0.00289000887709,0.000450835339222,0.00121414504991,0.000903224612632,0.000934316544242,1.69170634089,0.025204777823,0.312349319559,0.444751748083,0.0134830708451,0.00238009958431,0.00513018912773,0.00989971139089,2.21797528204,0.0316377187323,0.108744507252
D169,0.0360079929008,0.00568714928094,0.00496901529435,1.70479215237,0.000361961850206,0.0225256282097,0.0132391259297,0.215717850137,1.15340796041,0.72859500656,0.0422105963052,0.0144089822022,0.010664859742,0.202330958275,3.30817167119,17.3440185519,0.017941730748,0.00165634114933,0.418929238549,0.015017072649
D229,0.00906993849009,0.00701383288485,0.000457980835278,0.00236356370708,0.000606904482526,0.00564309168076,0.0420485715147,0.000606103799638,0.00371028025388,2.74001892331,0.00177267371187,0.00403535280409,9.70824101959,0.0183992967978,0.0203905504366,0.00228830061634,0.00386641497976,24.0393474388,0.00915240443661,0.00260456552487
D228,0.758610714878,11.1115970577,0.000990949554189,0.166590611061,0.0212879762011,0.0389727472459,0.00691341804235,0.108716787611,0.00174286724393,3.02629946118,0.647097326043,1.20280227673,0.119471087513,0.318092363335,2.08907469701,1.68045025614,2.60617166909,0.35952099608,0.218585685539,2.05222746129
D91,0.00234757025067,0.00113784953255,0.000917833190741,0.00322433363002,0.000519237705021,0.000219282619961,0.00120422016081,0.00271462896827,0.000387961214239,0.531871790018,0.679830583644,15.0595481491,0.00745230545309,0.272635244646,0.27521213926,0.305415862534,0.00330244048815,0.00243850964131,0.733603141501,2.52889750052
D226,1.63084424541,0.00049875325507,0.00100387278868,2.66812374924,0.000400417552778,0.000670663486552,0.000753081961592,0.00104313683647,0.000439327064422,0.852196734524,0.249487178049,1.09021387629,0.896099226859,0.373822041037,0.102894860074,2.81147931295,0.551942289648,0.00740453307185,0.336271253895,0.507367952779
D225,4.54315937498,0.010327319681,0.00279626020912,0.0148468745756,6.30566216395,0.622595791134,9.99995807312,1.10897580469,0.001338593213,1.37772023254,5.32158741113,10.1861362187,2.59831587186,3.55055561811,6.33744778391,10.935057384,7.55153595995,2.21996699975,2.24528904784,2.97736828135
D224,3.26398692286,2.5608688577,0.00082354478602,0.0569294651698,0.362114061355,3.96387892818,0.000800534655516,0.00154220674721,0.000144481374431,1.61235114548,0.0267397885692,6.08895724502,0.57073625693,2.89851808296,7.02614923667,4.69875719918,3.05448685421,0.174911469847,1.46248961256,4.0475273639
D223,0.000651960432082,0.000753427179286,0.000310003891342,0.000640748927079,0.001361661843,0.000128373865291,0.000834711863363,0.00131120894946,0.000166494105278,2.75327764289,3.13766616925,0.00421055616626,0.00287356103729,1.24847536792,1.32826246635,0.00755949322524,0.00175743475388,0.00148667157969,0.0125744922482,0.045685460488
D222,2.59527244453,1.28852481747,0.00732346131085,0.975389730077,7.01050327874,0.460942210468,8.01808046236,3.88421598157,0.00220176270549,0.433325712409,0.283390020123,0.115150347436,0.0441956741911,0.0663624593782,0.296509951974,0.133487205139,0.765689488743,0.0878055420818,0.0260444414359,0.104070117742
D221,0.146635024384,0.0129309923902,0.000664216708249,0.00394113282063,0.00171858285843,0.00110759390393,0.00342017843391,0.00498134121736,0.000160816293127,0.418252108167,0.177259212657,0.0114598587298,0.0128907811349,1.83041864326,0.118958219456,0.991997593976,0.0111540841763,0.031523396389,0.195239504505,0.530125834892
D96,0.00100330657517,1.00931996657,0.00010553526125,0.000439746275892,1.09929571383,0.186835907631,0.000681217140632,0.000522866084665,7.34995143329e-05,0.914978982066,0.694695988533,1.3181102884,0.34532300687,0.691887538,1.12538092665,1.00905417381,0.98544530085,0.298753497429,0.400216463748,0.943715895771
D11,0.00454082861515,0.00218863889353,0.00103607399914,0.0604159380048,0.00132807300739,0.00227928753448,0.0025238395274,0.0216244884246,0.000957770634007,0.0169015892191,0.233868502855,3.01085071748,0.43980855849,0.347325982578,0.164020288758,2.04555813314,0.53221896799,0.0118265195912,0.0954476650611,8.17564910566
D270,13.6454301659,2.10644082732,0.006435464017,0.363283258967,0.000274903527132,0.0053685130306,0.0477156507785,0.18970515358,0.00341098059037,3.08419911541,0.202750326561,0.00842674341292,0.109035007753,0.193047656452,2.98390531242,6.40645107809,20.1482462222,0.00651112979308,1.27059110349,5.14393777963
D13,0.115354724162,0.0107375010327,0.000608783294491,0.0124814838144,0.00397785916016,0.00246342239037,0.00500419596457,0.0439190443438,0.000328384722628,0.734402255236,0.133781501066,15.2106676228,0.320502787539,0.639091899329,0.744849396407,0.81173561019,1.09766283828,0.886517708938,0.569655899052,2.23992701349
D12,0.0370336409917,0.0146119484659,0.000684658499251,0.00969695652798,1.32169002789,0.674328148886,0.0416914245945,0.00551273842908,0.00093298002744,1.06623328217,0.0779978401599,0.0995839673267,3.77442600543,1.1791433331,1.00642264128,1.09441618417,0.255851048424,0.86671534201,1.52660335556,0.199783557047
D15,0.00420797910915,0.00317360698417,0.000513789348502,0.00219740507003,1.0824981302,1.6407371517,0.00197065717541,0.00128150066072,0.000622916800679,1.7450230361,0.0301679337816,0.790489797403,0.263824550548,0.989225249718,0.0648482954001,0.0494350459166,0.190048600199,2.31753321402,0.086049551741,0.031369609467
D14,0.00846745922678,0.00758165245308,0.000216649341035,0.00578869480192,0.00240235145203,0.00236926579922,0.00274599943877,0.00223159177979,0.000395945029568,0.0787268605673,0.0056190035856,0.335267181921,0.0806991337508,0.251609642059,0.0160629795437,1.02860315669,0.46968886589,0.183628790703,0.0938015972188,2.62568131596
D66,0.0123275771258,0.129416010004,0.0019024279979,0.000545628873967,0.00190970153795,0.00139680935863,0.000414678528875,0.0560179054533,0.000138226071543,0.0339127134974,4.17638358824,2.04480663871,0.00532534146036,0.0753623355972,0.0,0.00622743728069,1.35090877576,1.31165674074,29.2101489728,0.00270268330811
D16,0.00200312786758,0.00180177860129,0.0435626653742,0.463413198673,0.00968809760063,1.6028177506,0.00288988064901,0.825021850389,0.00112878371171,0.903398846919,0.662598345502,0.00144597389399,4.72908925963,16.1032066004,0.00960397138416,0.00435309595633,0.245668102654,0.00399797890478,0.502506777598,2.51766168819
D19,2.69705425152,0.175696693106,2.44559022788,0.262451489385,0.200663706906,0.3694016357,0.150985131981,0.624609887643,0.00997018386572,3.30036294339,1.23831709426,2.4619475711,1.1011770945,2.00859831651,2.33488387379,3.67537742703,2.51873607246,1.6608726643,4.74079939698,3.16470182745
D18,0.184842,0.0,0.0,0.119342,63.9489,81.2143,0.0,0.0,0.0,0.478052,0.0,0.0819616,0.325103,2.97737,0.103567,0.0,5.23903,0.125514,0.175583,0.656036
D88,0.00645166264802,0.00466035939761,0.0015409753764,0.00499257090123,0.00358807092384,0.0020439763936,0.00198236822435,0.00191530106667,9.82605681176e-05,0.00557277886674,5.3425762976,0.00328159027224,0.00174841274588,0.00528891325986,0.00148482605728,0.00415735651619,0.00780703293535,0.00528189668367,0.00760115411829,0.00419868968036
D89,0.00279622439988,0.0715613115149,0.00124545245847,0.000541245317272,0.0649637677336,0.0268088930907,0.261961961678,34.7031872901,6.89864743468,0.461606051158,0.638638312048,0.00602393117419,0.0116639045879,0.0476422229141,0.0412814263915,0.0169951902071,0.00339108992978,0.00359358369043,0.00404462186171,0.00671384027178
D17,550.245,0.281979,0.0,0.0,0.281979,31.9486,0.0,0.0,0.0,3.31559,0.120448,0.281979,0.0,0.0,67.1709,269.063,609.585,0.0,42.8982,121.159
D151,0.144938144296,0.0183904775796,0.0500436787669,0.0981752866656,0.0549281276433,0.324749280228,0.128237994442,15.210548698,0.963905548229,1.24588535679,0.509801432848,0.493388262728,0.549337356183,0.193778027733,0.953637298899,1.19628217348,0.106588338796,0.427048563389,0.142656520487,3.42096143443
D150,0.00321771027273,0.00733105363607,0.00027723013339,0.000785266674854,0.0088669856799,2.11311164099,0.260409812095,0.000583804059395,0.000422195880876,0.428470837146,0.0996228712849,0.0589742631104,0.617795469606,0.0475530777926,0.290915631988,0.248241909258,0.0490820004006,0.328456472663,0.0558818127295,0.512629256047
D153,0.00976972174796,9.13664602198,0.000940069881913,0.00843170969779,3.95778202355,0.0329741283676,0.00837346416188,0.00572025111431,0.000384907388353,0.617816388304,3.65173452038,2.29077564768,0.196218775619,2.36872557729,4.73980518626,0.745206493694,1.51620400321,0.241982829652,0.74949185996,2.33072581358
D152,0.00456923354916,0.0118535976703,0.00127997763461,0.0764016115891,0.000303566609645,0.00249825435633,0.00064199427204,0.00233413139814,0.00201143777547,0.00633787850212,0.00356351535296,3.67335216678,12.077862207,0.00440912008405,3.56903228994,2.49258499147,0.00702152316167,1.7623277117,5.97673373867,21.3473387994
D155,0.00768091694258,0.00273500392744,0.00231343768242,0.816310826648,0.00550054986341,0.00159573694361,0.00581904449057,3.58483402399,0.000648984754218,0.069344775068,0.00497154573447,0.00946535186267,0.00236415634395,0.00575905525293,0.00496445771203,0.00609172721169,0.00552072830353,0.00611517787021,0.00518314610649,0.0549978515417
D154,3.48763442254,2.15717458685,0.000189581282763,0.0645890191152,1.71645235942,0.460051320906,0.000860568293285,0.885997784165,0.000142911032351,1.29844865454,1.13120273194,3.02263970504,0.435232179711,1.03288698694,2.86425882736,2.31124045327,3.54278829016,0.718544156012,0.735177911542,1.72248533818
D157,0.0493892520857,0.00307599443537,0.00853429105944,32.0327422051,0.0505576958497,0.00812354442615,0.0344292882871,0.753883733611,0.0,0.560679948571,0.0369575736404,0.0904726213439,0.218231532486,0.0181365094033,0.384736830775,0.619689575873,0.00428996451962,0.016256236979,0.0230471752679,0.515507552739
D156,1.3244941519,4.2532004694,0.00229178484807,0.0183855274128,5.06280906127,2.23467719634,0.00952209470449,2.16435844717,0.0028639049232,10.2169653146,8.36205552955,7.54158062363,3.25635679003,3.37577102663,1.09296436191,11.802458319,17.3915241227,1.66415292351,4.40045219298,3.83934255568
D159,0.276726784637,0.0178402936918,8.18881894404,0.0106952705507,0.103509289806,0.0297532716555,0.0186554028086,0.0758680323018,0.15232254084,0.179626568603,0.0150626047293,0.0280083127301,0.00804816231438,0.0253414246855,0.0166502872449,0.0195921717207,0.0405217520078,0.0101541733122,0.0279351125485,0.0201204049461
D158,1.53844826011,0.00812854287296,0.000656501414907,6.31591357904,0.0286593525201,0.0297524392023,0.114836254311,1.32652566289,0.000307671229024,4.70401316871,0.00152117849611,0.00136980914397,0.0387572313263,0.017973686782,0.00558706682118,0.0131596246929,0.00943151319171,0.0751842252482,0.00823229243267,0.00791118356708
D112,0.0325026178372,0.000229281717779,0.000738796569952,0.000748329534297,0.0410981320787,0.209249740136,0.00446203595365,18.5210703762,0.474388802254,0.0339853043425,0.0476736702459,0.0824437953879,0.0938800999604,0.0222278380002,0.215668811363,0.17085663075,0.0130171203824,0.168101635672,0.00807531934119,0.0389220085576
D36,0.0371569476335,0.00334403114455,24.6718083148,1.26038039133,0.0102981639876,0.0268590457311,0.0746244482936,1.65534181565,0.00279204780036,0.200715922871,0.00478666312869,0.00653233952063,0.0051098765941,0.00794180882171,0.00685568170937,0.00653886761878,0.00605559914962,0.0460863043816,0.0052281080665,0.0266313087238
D116,0.00314267796058,0.000227862656709,0.00136065337755,0.0024612644314,0.000238298696034,0.616656298998,0.000293959866318,0.00112017900055,0.000491817834531,20.1577181341,0.117601478165,0.0369102621624,0.0439735765242,0.0512716943396,0.000697503296442,0.0249313905878,0.00106234371863,0.00289829008283,0.0455247001261,0.00433852345966
D238,0.00861054651298,0.00203425374483,0.000645938587131,0.00142288537025,1.99491666338,0.622900787606,0.00114131021125,0.00143061888848,0.000809697745072,2.13978662918,0.0377205649742,0.00266472547457,0.640477161622,1.31231057153,0.459881295416,0.819426327182,0.0169267851105,0.0285505096768,0.690671622835,0.00733368269477
D239,0.34021373316,0.00181926933004,0.00111689594314,0.0164601168607,0.558129465487,0.00599563545421,30.3661389637,0.00425043253719,0.00120232579942,0.00295931164811,0.00156761035538,0.00360360971107,0.00676008294868,0.00836767137214,0.00589821201243,0.017823412451,0.0910762611735,0.00228408149502,0.00329808368599,0.00331470635748
D234,0.0143047203242,0.723763402378,0.000492187629231,0.00517430764817,0.839665775226,0.197868123949,0.0105718785082,0.00386138624336,0.000783947338862,2.60106155713,1.67769358804,1.97520677956,1.3772834287,1.29137313037,7.20583286622,2.24183793937,1.72637227215,0.688407062196,0.717745479566,2.76102315184
D235,0.364199863518,10.5767891694,0.0141394788222,0.00599494376723,0.000497771540482,0.00413011350589,0.0696835308242,2.82343083397,0.00580918301134,0.292534823544,0.5248899029,0.00721073122501,0.122842163877,0.0194625772204,17.8864970432,1.33707175301,3.12074129111,0.00174803866789,0.061863244256,6.7849954973
D236,0.00230884546352,0.0011365908908,0.000287378175051,4.79546763602,0.000252748101319,0.000960855867471,0.000800110206442,0.000850763353672,4.44506303971e-05,0.00359739511792,0.0305230865433,0.0014529136109,0.00254195299129,7.56197730532,0.00236777025942,0.00184314848855,0.137913068517,0.00309965355218,8.5537425403,0.00576152365899
D237,0.00334135535381,0.00175023428138,0.00148356263984,0.000797470497894,0.000211937517887,0.000491975078665,0.00077328515691,0.00043405827283,0.0021441946933,1.10764516498,0.00933416230833,0.00659106481181,0.00174196063919,0.452293725362,0.588847648823,2.28477666482,0.0785740791753,0.0673833997152,0.232052463706,2.22406060201
D126,3.75743182181,1.63794481173,0.0035021953861,0.213119993519,0.0378034781524,0.112911603106,2.6996428745,0.714627033276,0.00125038181115,0.467405322836,0.605091514327,0.924433267988,0.170871887277,0.585364265722,3.849762116,3.67822237673,12.8342062681,0.119229030603,0.125495914628,2.31678305279
D231,4.49489289682,0.57821860355,0.000948781097401,0.850544427772,0.399090742882,1.20486204498,0.007623339409,0.0553150458736,0.000676331271716,1.50544136871,3.15601477568,0.669191530456,1.5497024789,1.69951602212,5.1398891309,5.81799102394,2.90714727137,0.888321225322,0.291047837349,0.8624246037
D232,0.00361929941726,0.00201990469207,0.000957296737,0.00934698803874,0.00111087342137,0.304578338931,0.00338235039741,0.00624692649694,0.000658918683816,0.0202004979494,0.00833777068669,0.00567284081517,0.00755964857758,0.00887675230553,0.00513166887681,0.00679834332875,4.74228278313,0.0147031713256,0.122243628865,0.085391045499
D233,1.23785844324,0.934339247485,0.0,0.152929224429,0.00341756247679,2.3357259733,18.9072487694,0.30747327083,0.403622633067,9.617128553,4.89694886751,2.76356612394,4.53881781045,1.1970890203,0.039988182374,0.155727754767,1.92255018748,2.11396328302,3.06573504575,1.93573570772
D48,0.0310023434513,0.00819191512644,0.000988437459158,0.00680529532413,0.0086454196165,0.0310763685093,38.8389167916,0.00459621700424,0.000924541781342,0.106120481154,0.089315473925,0.00529751191145,0.124837676936,0.230132974529,0.013073324219,0.0736637282313,0.482063783969,0.291393895254,0.431177356327,0.0766913712089
D49,0.0475075900933,0.01495340656,0.00291699638186,0.00573524252689,0.0057979098592,14.7947700509,0.00228650093929,0.00330820714945,0.00237385893663,0.0282033269075,0.0478361073354,0.137043815577,0.62239915007,0.0294548479439,0.0321268360938,0.0140665322528,0.137474898817,2.39183571506,1.52779612142,0.0233530714953
D46,0.514055890441,1.01038612437,4.45288626817,0.33831368874,0.0408642761957,0.0237779066499,0.010147952113,0.00549963822215,0.0,0.144063649888,0.224319228882,2.27614686722,0.150269800184,0.598482436244,1.36233018355,0.352982379604,0.0965588890291,0.183676525989,0.850685396631,30.3830789007
D47,16.8788428148,0.00687107047572,0.00250905784772,0.0804412455287,0.134919094654,0.700986896235,0.00336534494795,0.00293698768569,0.003361102038,0.334764129976,7.75682381149,2.79263156449,1.32436083965,0.970308633619,3.35150608703,10.8378102455,23.512163131,0.109040936712,2.03476535382,4.61401026497
D44,0.135622245511,0.00894916369812,1.71596412535,0.0469695526847,0.00348734113246,0.00580685765788,0.25209405159,0.0071256055807,0.0234564222449,0.352648753726,5.93803935578,0.00602959731297,0.113252991397,0.0344888133151,0.00453078672132,0.013216091845,0.0193383309413,0.00440432195239,0.00463591313011,0.00726143480046
D45,0.0174127084239,0.00130198905603,0.0485453056517,1.19187800791,0.114665293341,0.0250252632409,0.817847824487,1.01397189554,0.0910912235032,2.26301590463,2.43642333341,0.843190902147,0.000226360835718,0.0439833947544,0.000763898722278,0.361678963903,0.143482484078,0.00153605899365,0.00212591918547,0.0016071067646
D42,0.000849454657912,0.000830832989251,0.000624795922919,0.000562006016335,0.000147783185225,0.000137278429602,0.00282244436983,0.000690689336059,0.000268349437646,0.00377623103679,0.0148888594928,0.000912483253439,0.00970045200918,13.1598685129,0.00837804120326,0.0583874944247,0.00161296177009,0.000640075551642,0.00313352951069,0.0328116923361
D43,0.00582137610963,0.0021552467816,0.000538197401697,1.26263623977,0.000951552552185,0.000951061314209,0.00200238865513,0.00182741283971,0.000299325813469,0.00840374435848,0.01592670794,0.0027440692148,0.00348722304022,0.00420629237425,0.00163965935437,0.00510378042665,4.4570206046,0.003352059789,0.00640577772842,0.00522911528735
D40,94.1347687886,5.27979653538,0.0445394674218,10.9474570689,0.00111358907828,0.00638956032068,125.600073901,0.00674460091172,0.00702839758327,20.2279066418,0.00957966708623,0.00751249169821,14.7786720347,0.0103656653622,0.0259535762254,25.9529132527,0.104443199085,0.0232855072893,8.0060203893,2.44510227571
D41,8.7708728419,0.0863360860777,0.00189238371229,0.0151576324733,0.149870172972,3.48414038955,0.00749121709875,15.2492642043,0.00337983663762,2.24940543432,1.94492004102,8.50760664374,0.128838169488,0.403879468072,5.14144725152,0.168134488507,0.867471663567,1.20170102079,0.143575158748,0.367872496578
D1,0.920677246619,0.0298327838176,0.000662903252871,0.59815124547,0.0833726421931,0.694770278987,1.15837951335,1.5828942142,0.000914560518366,0.933583923465,0.0100865593592,0.040446599274,0.0341738765435,0.0179929085496,0.012529481037,0.134972891752,0.092136471898,0.00207341345702,0.121691198937,0.0686061717022
D5,1.16833781299,0.0544861809982,0.000292903235426,0.182325716696,0.000803753881818,0.000486894428167,0.00104288884638,0.00141394211873,0.00016886386161,0.959962220567,0.772249068371,2.3689286778,0.937416190683,1.34928790402,1.36277318771,2.38376815817,3.42090120823,1.30469181553,0.760499485799,3.02285458171
D9,0.00235398102133,0.0,0.0,0.0,0.0298366802383,0.0,0.0,0.0,0.00117699147035,0.0293070386935,0.0,0.0,0.0508460697837,0.00200088303958,0.249904239871,8.40497020509,0.0,0.0,0.0100043946977,0.00150066125467
D85,1.2664444827,0.0565691486119,0.000825387486362,0.223337016473,2.52913039894,0.0681994046173,0.066202866136,0.0467514376815,0.000691445145803,2.89168109693,0.243348486522,0.21477179653,0.340364704591,0.840965049758,1.60952354249,2.12677922796,0.64044159066,0.256759429511,0.239015832236,1.24210873189
D146,0.0307554582908,0.00192167986201,0.00109216525792,0.0065405649859,0.115035549352,0.771643965514,0.00306311833288,0.00192125138014,0.000407901231002,1.28438787316,0.0112335747829,0.353666168746,0.999314739092,1.5843468035,4.30580287492,8.08952495272,0.0133463557849,0.0372951421247,2.44260169283,0.647867844892
D147,0.792009037792,23.7267891839,0.00267934370656,0.454012099294,0.0592538046131,0.0902020661978,0.00780258525537,0.24361959647,0.00120197080279,9.27966691382,1.87291120904,3.62705971827,0.219650108659,0.599516732264,4.68956285648,5.06894811284,5.13216369021,0.479512251123,0.538344202405,4.83402463306
D144,0.00653045345075,0.00223668981294,0.00244074929374,0.0017531097274,0.00207354796147,0.00242161981383,0.00551440445557,0.000678073876259,0.000711552875892,0.00366192035833,0.0117164490203,0.0108832045265,0.00438569728326,4.29357905414,0.00220905537008,0.00264746620963,0.00350834514809,0.00529759003487,0.819573202917,0.00546604650949
D145,0.00577545419365,0.384883630202,0.00212048770434,0.00167410698185,0.0640504388789,0.0585831384763,0.0853928003825,0.000977384623679,0.000632550310083,0.352548737375,0.718983457731,0.354942314142,0.08745688551,0.30699677952,2.1093515934,3.82372741188,0.0285768669344,0.00482416101174,0.185850503373,1.62514618201
D205,0.78071686422,0.308614098814,0.00132353809201,0.0134108309356,0.0800845842093,0.15584924948,0.00712191941038,0.0105624934172,0.000517928647604,2.6452501622,0.370866764664,1.80403321083,2.24843478905,0.817165191684,5.10843269579,7.4811351853,3.61788161981,2.76174949553,0.540053087946,0.979436151435
D204,0.0281029734968,0.0185759881253,0.0139090434389,0.0334634023151,0.0280017473973,0.111731569053,0.07124329793,0.0110245141311,0.00758146518524,38.580243776,0.0473312022111,0.447834951355,0.243229245148,0.0227462726001,0.0174083197526,0.0229168367879,0.0483208131139,0.787802410785,0.0258856898134,0.0220096884997
D207,3.5612819161,0.00308821504826,0.0019398316429,2.741323025,0.00500306608058,0.00953941519898,0.0035871422213,8.58549830397,0.00089464972375,0.571198199293,0.717819833322,13.8057329293,2.84791737299,0.420655935999,6.60451282288,5.55990727703,4.83078569934,0.174014177746,0.516935569248,1.49086790286
D206,0.00338017303204,0.0272672984039,0.00156519513034,0.00183628037495,0.00287866826427,0.00631241616809,0.000674486173425,0.00135994484995,0.000937180118161,0.0420666264045,0.0202500713472,0.155732026696,0.121099603491,0.292799181566,1.82823409465,1.2405495105,0.279863902355,0.899200871472,0.234355148997,1.06314029974
D209,5.40809993335,17.565237521,0.00128311248563,0.0067018772863,0.724774873159,0.558439293411,0.012116027933,0.261222859256,0.00371286426818,2.72088519737,2.51930956177,4.29622296819,1.22756505001,0.225957326701,1.67406606929,1.90173810388,24.4348764499,4.75283969956,1.78945710312,1.12114971078
D208,0.0969252631539,0.031518861343,0.000290355854257,0.00808411222741,0.0101471556765,0.0485657597353,38.7340869933,0.0282791140524,0.0359199920534,0.297408176741,1.62924020984,0.0672096790294,0.36165305515,0.147546489388,0.0731390791677,0.140700295912,0.0613261258111,0.29555931929,0.231436304643,0.166312635975
D160,0.0679795567494,0.0275511727465,0.00610451885465,1.10458093387,0.0484212036927,0.0307968733812,0.0262237519006,0.0195003666073,0.0123866159236,0.194977179182,2.19000617146,3.22187973126,0.469758210479,0.319105274613,0.934323534261,0.366418726537,9.11924603686,1.40065912436,3.94574415754,0.248008227805
D148,0.800414326761,0.0356897399933,0.0527927002928,0.032013515026,0.0351531472,0.00650287935147,0.101726823192,0.311976678979,6.98936681969,0.114922415563,0.164987067982,0.0372308672225,0.00478036659555,0.0191167759999,0.0288353751864,0.025875259744,0.0644039411736,0.00903543083409,0.00601985295515,0.013617526024
D149,0.00456794914706,0.0424069722911,0.00132739774498,4.38273577949,0.00134191878586,0.00166336040169,0.00400348942793,0.00252215285739,0.000368882274853,0.245759004226,0.0127976065504,0.365879285734,0.109734339055,0.0461684055889,0.043883452415,0.0287834892632,0.00897324308125,0.00609285548551,0.548537005065,0.0722215997149
D77,0.0373908296762,0.0577433212183,0.0015897660747,0.00922712103012,0.00124164545823,0.0194824099802,0.0072513105738,0.00701780862817,0.00162129795865,4.30650643371,2.51945010653,0.011640531621,1.66147868827,1.5516039694,2.10791582454,4.10815994047,0.152592408681,0.745818519209,0.129177537187,0.932822453724
D76,0.040206541239,0.0,0.0,0.0,0.0,0.0,0.0,0.0,0.0,2.10418842303,0.0,0.317740718085,0.0438047654881,0.0,0.0,0.28785954005,0.0708699424593,0.109824870776,10.2736549249,0.0
D75,0.00343098438739,0.0216320534143,0.00163440853946,0.00281490197646,0.00056838576965,0.645660849928,0.0494129957147,0.00318614170522,0.000713861323393,0.0529266801694,0.19105793474,16.9729688603,15.306551202,0.00425454831589,0.0185603821633,0.00307246472216,0.00478477175374,0.0582384783004,0.248784508754,0.00780397412805
D74,0.0058827108558,0.00056319484597,0.00564050099708,0.00147439131242,0.000694202020582,0.00102059262553,0.00303882053354,0.000776137571469,0.000833762662764,0.00498006557366,0.0084416164505,0.0265489385047,0.00454067313423,0.0221136127761,0.00759525198687,0.00205109140943,8.86815376576,0.369616556196,0.184688743958,0.00577511359159
D73,3.45220757373,0.000654314149863,0.000769142301198,0.00140800729609,0.0155306716099,0.0018209727193,0.00262853070298,0.00080254755474,0.000275588630863,0.00507625833051,0.00185604810646,0.00117500917875,0.00313669962183,0.00428874238727,0.00181637911413,0.00414468566335,0.00243394808324,2.47001800665,0.00455222226611,0.00348494306591
D72,0.0350784763843,0.0061154850506,0.000259245294314,0.0228369656752,0.00813015320356,0.0802233743995,0.00479323672784,0.00128239092977,8.43288539978e-05,0.212694715171,11.6244694791,0.171474717429,0.511668012919,0.104676769705,0.237676799713,0.166409734504,0.0775788726421,0.0954585718177,0.682769490548,0.0532925125611
D71,0.0025974092941,0.00122399582652,0.000480489922508,0.00127772484746,0.000408851352561,0.00160572770721,0.00189381579024,0.0011467290944,0.000380195922784,0.00858178668166,2.21138487838,0.002376352469,3.38727263014,1.65448014195,0.0240910231669,0.00335217135145,0.00310348497495,0.00645924012104,0.651417527631,0.00474861303307
D70,0.00677815894899,0.00112780843858,0.000523951326895,0.00178420646939,0.000496221062559,28.1342121093,0.00254751087963,0.00153974419139,0.000158352908271,0.00910966955995,0.004251445378,0.00281459539626,0.00735209558585,0.00522309081792,0.00328272068377,0.00377201030723,0.00290435564048,0.00769361588848,0.00909142639042,0.00422408223757
D79,4.5059269521,1.02715972694,77.8857583341,0.183364681898,6.41329184302,0.0345174185708,40.2817396797,2.81128262645,0.367129244276,0.0356990226345,0.0926488711326,0.0458541697475,0.00789714562523,0.254089892641,0.0593130599576,0.196990458116,0.511781407528,0.0195346429917,0.384637313478,0.0293676755939
D78,0.00612522359591,0.00861575541838,0.00224011785074,0.00795671615294,0.0157845573324,0.00434612336633,0.00429897414202,0.0015381160754,0.000531216650971,19.1935170553,0.0158725664513,0.10820147907,0.0140452623586,0.400206870225,0.00707868996183,0.598049800336,0.00682408199691,0.013289836987,0.0109543565536,0.0163052944933
D2,0.0,0.0,0.0,1.31244,1.61459,0.0,0.0,0.0,0.0,0.0,0.0,0.858746,0.0,5.54069,3.69504,0.402245,0.138447,1.17867,0.142189,0.0346118
D120,0.0418139320117,0.0420525423839,0.011142722236,0.0079881307306,0.07557790041,0.192377806769,0.45202699357,0.269563902282,0.00934893384172,0.658189299265,0.0437667957986,0.412051020729,0.0916513531368,0.858475944112,3.73467920186,0.235446407462,0.495943829044,0.211022555821,15.7392369988,0.178142105032
D121,0.201111126698,9.70005660113,0.0268092694584,0.495753426322,0.00268329071066,0.0833121964458,3.83592801832,0.0308992436794,0.0167380592365,0.254812053184,0.41521894291,0.236182907231,0.193522552924,1.13442496722,0.268518234695,0.663465651557,0.0658589218474,0.0423357626709,0.0312538866137,2.37117102362
D122,0.00233539393846,0.000561930023069,0.000695722274158,0.00175866291272,0.000429844948225,0.000566484311668,0.00175126220861,0.000658146540666,0.000189587169219,0.542036510303,0.00149790915092,0.0252640617358,0.00114264750576,0.00113581513115,0.00997012185803,0.441450009295,0.284786081379,3.30841048449,0.0921644121065,0.354818954518
D123,0.138815908556,1.98489071562,0.000583371949218,2.11360377852,0.00045145567382,0.435223283378,0.000868906411677,0.000786544024651,0.000422406693291,2.11722874303,8.57630446346,3.85940786617,1.43717733809,0.578024866192,0.760542266435,1.88366184636,1.7846913807,1.20977095646,4.1950775334,1.00011205085
D167,0.0,0.0,0.0324776021012,0.0,0.00502466793349,0.201260607711,0.0,0.0124246344601,0.0,226.857350629,0.0,0.0,0.0,0.0,0.0,0.0280467693404,0.15539920391,0.0,0.00401972680431,0.177644873561
D267,0.00269255207752,0.00141713423156,0.0,0.00336568631545,0.0788280078651,0.0111244934032,6.77198272125,0.00534968768511,0.0,0.00247998481258,0.00162970396443,0.0463755871891,0.00892793894565,0.0381564379607,0.00510167963403,0.0724509842486,0.0341884058669,0.0,0.0,0.6926943151
D67,0.00199641491668,0.0127839004657,0.000319794578568,0.000944907769621,0.00246097103564,0.054838898723,0.0804461854437,0.00178584995549,0.000711971748712,0.640131982129,0.419135322487,0.0855879275577,2.48910210889,0.167280370381,0.804218274173,0.644174912984,0.0132721499612,0.469589199552,0.133516348816,0.35204550156
D125,8.27808125791,4.17628247855,0.383554645153,0.904829592631,0.297630031946,0.635531016969,0.172945830525,0.0983141587889,0.38356400583,0.737452779224,2.2855499718,1.51938125654,1.09630953712,1.18811340185,0.649090815975,6.81096799365,1.91942763831,0.172909058953,0.849657703996,1.5195940148
